DocID,LineNum,LineText,Heading,HeadingType
21838,0,TABLE OF CONTENTS,None,None
21838,1,Page,None,None
21838,2,1. 	INTRODUCTION 	1,Head,Intro
21838,3,2. 	TENEMENT HISTORY 	2,Head,None
21838,4,2.1 Authority to Prospect 5899M 	2,Sub,None
21838,5,"""Stockman Creek""",None,None
21838,6,2.2 Authority to Prospect 6050M 	2,Sub,None
21838,7,"""Einasleigh""",None,None
21838,8,3. 	WORK CONDUCTED 	4,Head,Work
21838,9,4. 	GEOPHYSICS 	5,Head,None
21838,10,4.1 Introduction 	5,Sub,Intro
21838,11,4.2 Railway Flats and Coolaba Flats 	5,Sub,None
21838,12,Moving Loop,None,None
21838,13,4.3 Coolaba Flats Fixed Loop 	9,Sub,None
21838,14,4.4 Railway Flats Fixed LOOP SIROTEM 	11,Sub,None
21838,15,4.5 Stockman Creek Fixed LOOP SIROTEM 	13,Sub,None
21838,16,5. 	CONCLUSIONS AND RECOMMENDATIONS 	15,Head,None
21838,17,6. 	REFERENCES 	16,Head,None
21838,18,APPENDIX I,None,None
21838,19,SIROTEM Profiles,None,None
22701,0,CONTENTS,None,None
22701,1,SUMMARY,None,Summ
22701,2,1. 	INTRODUCTION,Head,Intro
22701,3,2. 	TITLES,Head,None
22701,4,3. 	PREVIOUS EXPLORATION,Head,Work
22701,5,4. 	GEOLOGY,Head,None
22701,6,5. 	EXPLORATION FOR THE PERIOD ENDED 25TH MAY 1991,Head,Work
22701,7,5.1 	DRILLING RESULTS,Sub,Work
22701,8,5.2 	DISCUSSION OF DRILLING RESULTS,Sub,Work
22701,9,"6. 	CONCLUSIONS, RECOMMENDATIONS AND PROPOSED WORK",Head,Work
22701,10,7. 	EXPENDITURE,Head,None
23543,0,TABLE OF CONTENTS,None,None
23543,1,PAGE,None,None
23543,2,1. 	INTRODUCTION,Head,Intro
23543,3,2. 	TENEMENT DETAILS,Head,None
23543,4,3.,None,None
23543,5,PREVIOUS WORK AND LITERATURE REVIEW,None,None
23543,6,4.,None,None
23543,7,GEOLOGY AND GEOPHYSICS,None,None
23543,8,5. RECOMMENDATIONS,Head,None
23543,9,FIGURES,None,None
23543,10,DRAWING NO,None,None
23543,11,"FIGURE 1 LOCATION MAP, EPM 7777",None,None
23543,12,A4-1311,None,None
23543,13,FIGURE 2 GROUND MAGNETIC TRAVESE LOCATIONS 	A4-1370,None,None
23543,14,APPENDICES,None,None
23543,15,APPENDIX 1,None,None
23543,16,GROUND MAGNETIC PROFILES,None,None
24362,0,TABLE OF CONTENTS,None,None
24362,1,SUMMARY,None,Summ
24362,2,1. INTRODUCTION 	1,Head,Intro
24362,3,2. TENEMENT DETAILS 	1,Head,None
24362,4,3. PREVIOUS WORK 	2,Head,Work
24362,5,4. WORK CONDUCTED 	2,Head,Work
24362,6,5. CONCLUSIONS 	2,Head,None
24362,7,APPENDICES,None,None
24362,8,1. 	AEROMAGNETIC SURVEY DETAILS,Head,None
24362,9,LIST OF FIGURES,None,None
24362,10,Drawing No. 	Scale,None,None
24362,11,1. Location Map EPM 7786 - 	A4-1223C 1:1000 000,Head,None
24362,12,Longford Relinquishment Area,None,None
24362,13,LIST OF PLATES,None,None
24362,14,1. 	Aeromagnetic Contours for 	A1-1412 1:100 000,Head,None
24362,15,area relinquished.,None,None
25551,0,TABLE OF CONTENTS,None,None
25551,1,SUMMARY,None,Summ
25551,2,1. INTRODUCTION 	1,Head,Intro
25551,3,1.1 Introductory Statement 	1,Sub,None
25551,4,1.2 Tenement Details 	1,Sub,None
25551,5,1.3 Exploration Strategy 	1,Sub,Work
25551,6,1.4 Summary of Work Conducted 	1,Sub,Work
25551,7,2. SURFACE EVALUATION 	2,Head,None
25551,8,2.1 Geology 	2,Sub,None
25551,9,2.2 Rock Chip sampling 	2,Sub,None
25551,10,3. GEOPHYSICS 	3,Head,None
25551,11,3.1 Airborne GEOTEM 	3,Sub,None
25551,12,3.2 Moving Loop EM 	3,Sub,None
25551,13,3.3 Ground magnetics 	4,Sub,None
25551,14,4. CONCLUSION 	4,Head,None
25551,15,5. REFERENCES 	4,Head,None
26114,0,EPM 9526 	July 1994,None,None
26114,1,TABLE OF CONTENTS,None,None
26114,2,SUMMARY,None,Summ
26114,3,Page,None,None
26114,4,1. 	INTRODUCTION 	1,Head,Intro
26114,5,2. 	TENEMENT DETAILS 	1,Head,None
26114,6,3. 	GEOLOGY 	1,Head,None
26114,7,4. 	PREVIOUS EXPLORATION 	1,Head,Work
26114,8,5. 	BHP EXPLORATION PROGRAM 	5,Head,Work
26114,9,5.1 	Reconnaissance Sampling 	5,Sub,None
26114,10,5.2 	The Three Peaks Prospect 	5,Sub,None
26114,11,5.2.1 	Gridding 	5,None,None
26114,12,5.2.2 	Mapping 	5,None,None
26114,13,5.2.3 	Soil Sampling 	5,None,None
26114,14,5.2.4 	Ground Magnetics Survey 	5,None,None
26114,15,6. 	DISCUSSION 	6,Head,None
26114,16,7. 	RECOMMENDATIONS AND CONCLUSIONS 	6,Head,None
26114,17,REFERENCES 	7,None,None
26114,18,DEPAFITAEEAT GAEECANS A AND CESGY,None,None
26114,19,Expioratlo: Reports Management System,None,None
26114,20,TFANSACTION NO,None,None
26114,21,REPORT NC,None,None
26114,22,PAFT 	of,None,None
26168,0,CR CR#20 2 O 6 8,None,None
26168,1,EPM 9750 	January 1995,None,None
26168,2,TABLE OF CONTENTS,None,None
26168,3,Page,None,None
26168,4,SUMMARY,None,Summ
26168,5,1. 	INTRODUCTION 	1,Head,Intro
26168,6,1.1 	Introductory Statement 	1,Sub,None
26168,7,1.2 	Tenement Details 	1,Sub,None
26168,8,1.3 	Summary of Work Conducted 	1,Sub,Work
26168,9,2 	REGIONAL GEOLOGY 	1,Head,None
26168,10,2.1 	Stratigraphy 	1,Sub,None
26168,11,2.2 	Structure and Metamorphism 	2,Sub,None
26168,12,3 	EXPLORATION ACTIVITY 	2,Head,Work
26168,13,3.1 	Surface Inspection and Mapping 	2,Sub,None
26168,14,3.2 	Rock Chip Sampling 	2,Sub,None
26168,15,3.3 	Soil Geochemistry 	2,Sub,None
26168,16,3.4 	Airborne EM (GEOTEM) Survey Re-interpretation 	3,Sub,None
26168,17,4 	CONCLUSIONS 	3,Head,None
26168,18,REFERENCES 	4,None,None
26168,19,DEPARTMENT OF MIAIKI,None,None
26168,20,Exploration Reports Managamen i,None,None
26168,21,TRANSACTION No,None,None
26168,22,5053,None,None
26168,23,REPORT NO,None,None
26168,24,.36.1.6.8,None,None
26168,25,PART,None,None
26515,0,EPM 9873 	January 1995,None,None
26515,1,TABLE OF CONTENTS,None,None
26515,2,SUMMARY,None,Summ
26515,3,1. 	INTRODUCTION 	1,Head,Intro
26515,4,2. 	TENEMENT DETAILS 	2,Head,None
26515,5,3. 	GEOLOGY 	2,Head,None
26515,6,4. 	PREVIOUS EXPLORATION 	3,Head,Work
26515,7,5. 	BHP EXPLORATION PROGRAM 	3,Head,Work
26515,8,6. 	DISCUSSION 	4,Head,None
26515,9,7. 	RECOMMENDATIONS AND CONCLUSIONS 	5,Head,None
26515,10,REFERENCES 	6,None,None
26515,11,DEPARTMENT OF MINERALS AND ENERGY,None,None
26515,12,Exploration Reports Management System,None,None
26515,13,TRANSACTION No 	$.1012,None,None
26515,14,REPORT NO 	265.3..,None,None
26515,15,PART 	of,None,None
26518,0,EPM 9216 	February 1995,None,None
26518,1,TABLE OF CONTENTS,None,None
26518,2,SUMMARY,None,Summ
26518,3,Page,None,None
26518,4,1. 	INTRODUCTION 	1,Head,Intro
26518,5,2. 	TENEMENT INFORMATION 	1,Head,None
26518,6,3. 	PREVIOUS WORK 	1,Head,Work
26518,7,4. 	EXPLORATION BY BHPM 	1,Head,Work
26518,8,4.1 	Open Range Aeromagnetic Survey 	1,Sub,None
26518,9,4.2 	Exploration During 1993 	1,Sub,Work
26518,10,4.2.1 Airborne EM Survey 	2,None,None
26518,11,4.2.2 Ground Magnetics 	2,None,None
26518,12,4.2.3 Soil Sampling 	2,None,None
26518,13,4.3 	Exploration during 1994,Sub,Work
26518,14,5. 	CONCLUSIONS 	3,Head,None
26518,15,DEPARTMENT off MINERALS AND ENERGY,None,None
26518,16,Exploration Reports Management System,None,None
26518,17,TRANSACTION NO 	$7R.6,None,None
26518,18,REPORT NO 	069.8,None,None
26518,19,PART 	of,None,None
26525,0,"EPMs 9348, 9913, 9914, 9941 & 10416 	February 1995",None,None
26525,1,TABLE OF CONTENTS,None,None
26525,2,SUMMARY,None,Summ
26525,3,Page,None,None
26525,4,1. 	INTRODUCTION 	1,Head,Intro
26525,5,2. 	TENEMENT DETAILS 	1,Head,None
26525,6,2.1 	EPM 9348 - Lighthouse 	1,Sub,None
26525,7,2.2 	EPM 9913 - Mt Misery 	2,Sub,None
26525,8,2.3 	EPM 9914 - Stephen Creek 	2,Sub,None
26525,9,2.4 	EPM 9941 - White Springs Creek 	3,Sub,None
26525,10,2.5 	EPM 10416 Eveleigh 	3,Sub,None
26525,11,3. 	GEOLOGY 	4,Head,None
26525,12,4. 	PREVIOUS EXPLORATION 	5,Head,Work
26525,13,4.1 	Lighthouse/Mt Misery EPMs 	5,Sub,None
26525,14,4.2 	White Springs Creek/Eveleigh EPMs 	6,Sub,None
26525,15,4.3 	Stephen Creek EPM 	8,Sub,None
26525,16,5. 	WORK CONDUCTED 	10,Head,Work
26525,17,5.1 	Aeromagnetics Data 	10,Sub,None
26525,18,5.2 	Ground Checking of Aeromagnetic Features 	11,Sub,None
26525,19,5.3 	Stream Sediment Geochemistry 	11,Sub,None
26525,20,5.4 	Rock-chip Geochemistry/Mineralisation Styles 	12,Sub,None
26525,21,5.5 	Heavy Mineral Sampling 	14,Sub,None
26525,22,5.6 	BLEG Stream Sampling 	15,Sub,None
26525,23,6. 	CONCLUSIONS AND RECOMMENDATIONS 	15,Head,None
26845,0,EPM 9335,None,None
26845,1,June 1995,None,None
26845,2,TABLE OF CONTENTS,None,None
26845,3,Page,None,None
26845,4,SUMMARY,None,Summ
26845,5,1. 	INTRODUCTION 	1,Head,Intro
26845,6,2. 	TENEMENT DETAILS 	1,Head,None
26845,7,3. 	GEOLOGY 	1,Head,None
26845,8,4. 	PREVIOUS EXPLORATION 	1,Head,Work
26845,9,5. 	BHP EXPLORATION PROGRAM 	4,Head,Work
26845,10,5.1 	Stream Sediment Sampling 	4,Sub,None
26845,11,5.2 	Soil Sampling 	5,Sub,None
26845,12,5.3 	Rock-chip Sampling 	5,Sub,None
26845,13,6. 	DISCUSSION 	5,Head,None
26845,14,7. 	RECOMMENDATIONS AND CONCLUSIONS 	6,Head,None
26845,15,REFERENCES 	6,None,None
27409,0,EPM 8440 	December 1995,None,None
27409,1,TABLE OF CONTENTS,None,None
27409,2,Page,None,None
27409,3,SUMMARY,None,Summ
27409,4,1. 	INTRODUCTION 	1,Head,Intro
27409,5,1.1 	Tenement details 	1,Sub,None
27409,6,1.2 	Site rehabilitation 	1,Sub,None
27409,7,1.3 	Geology and target concept 	2,Sub,None
27409,8,2. 	PREVIOUS EXPLORATION 	2,Head,Work
27409,9,3. 	WORK COMPLETED 	2,Head,Work
27409,10,3.1 	Ground magneties 	2,Sub,None
27409,11,3.2 	Drilling 	3,Sub,Work
27409,12,"3.2.1 Site 44 ""Clonagh"" 	3",None,None
27409,13,4. 	CONCLUSIONS AND RECOMMENDATION 	4,Head,None
27958,0,EPM 10777 	April 1996,None,None
27958,1,TABLE OF CONTENTS,None,None
27958,2,Page,None,None
27958,3,SUMMARY,None,Summ
27958,4,1. 	INTRODUCTION 	1,Head,Intro
27958,5,2. 	TENEMENT DETAILS 	1,Head,None
27958,6,3. 	EXPLORATION BY BHP 	1,Head,Work
27958,7,3.1 Regional Interpretation 	1,Sub,None
27958,8,3.2 Ground SIROTEM Survey 	1,Sub,None
27958,9,4. 	CONCLUSION 	2,Head,None
27972,0,"EPMs 8662, 8688, 8734 	15 February 1996",None,None
27972,1,TABLE OF CONTENTS,None,None
27972,2,SUMMARY,None,Summ
27972,3,Page,None,None
27972,4,1. 	INTRODUCTION 	1,Head,Intro
27972,5,2. 	TENEMENT DETAILS 	1,Head,None
27972,6,2.1 	EPM 8662 Fernhill 	1,Sub,None
27972,7,2.2 	EPM 8688 Frasers Well 	1,Sub,None
27972,8,2.3 	EPM 8734 Percyvale 	2,Sub,None
27972,9,3. 	GEOLOGY 	2,Head,None
27972,10,4. 	PAST EXPLORATION 	4,Head,Work
27972,11,5. 	EXPLORATION CONDUCTED 	4,Head,Work
27972,12,5.1 	Introduction 	4,Sub,Intro
27972,13,5.2 	Geology 	5,Sub,None
27972,14,5.3 	Geochemistry 	5,Sub,None
27972,15,5.3.1 	Stream Sediment Geochemistry 	5,None,None
27972,16,5.3.2 	Rock chip sampling 	5,None,None
27972,17,5.3.3 	Soil Sampling 	6,None,None
27972,18,5.4 	Geophysics 	7,Sub,None
27972,19,5.4.1 	Acquisition of Aeromagnetic Data 	7,None,None
27972,20,5.4.2 	Ground Magnetic Traverses 	8,None,None
27972,21,5.4.3 	Airborne GEOTEM survey 	8,None,None
27972,22,5.4.4 	Ground EM 	8,None,None
27972,23,5.5 	RC and Diamond Drilling 	9,Sub,Work
27972,24,6. 	CONCLUSIONS 	10,Head,None
27972,25,REFERENCES 	11,None,None
28298,0,EPM 10778 	August 1996,None,None
28298,1,TABLE OF CONTENTS,None,None
28298,2,Page,None,None
28298,3,1. 	INTRODUCTION 	1,Head,Intro
28298,4,2. 	TENEMENT INFORMATION 	1,Head,None
28298,5,3. 	PREVIOUS EXPLORATION 	1,Head,Work
28298,6,4. 	EXPLORATION RATIONALE 	1,Head,Work
28298,7,4.1 	Geology 	1,Sub,None
28298,8,4.2 	Exploration Target and Concept 	1,Sub,Work
28298,9,5. 	WORK COMPLETED BY BHP MINERALS 	2,Head,Work
28298,10,5.1 	GEOTEM Reprocessing Results 	2,Sub,None
28298,11,5.2 	GEOTEM Results 	2,Sub,None
28298,12,5.3 	Moving Loop EM Surveying 	3,Sub,None
28298,13,5.4 	Moving Loop EM Processing 	3,Sub,None
28298,14,5.5 	Moving Loop EM Results 	3,Sub,None
29013,0,Police Creek Annual Report 	June 1997,None,None
29013,1,TABLE OF CONTENTS,None,None
29013,2,Page,None,None
29013,3,SUMMARY,None,Summ
29013,4,INTRODUCTION 	1,None,None
29013,5,1.1 	Purpose and aim of report 	1,Sub,None
29013,6,1.2 	Locatioan of the Police Creek GEOTEM survey 	1,Sub,None
29013,7,1.3 	Survey's coordinate system 	1,Sub,None
29013,8,1.4 	Tenement status and details 	1,Sub,None
29013,9,1.5 	Local geology 	2,Sub,None
29013,10,1.6 	Target rationale and concept 	2,Sub,None
29013,11,1.7 	Previous work done 	3,Sub,Work
29013,12,2. 	1997 POLICE CREEK GEOTEM SURVEY 	3,Head,None
29013,13,2.1 	GEOTEM survey area 	3,Sub,None
29013,14,2.2 	Technical survey parameters 	3,Sub,None
29013,15,2.2.1 GEOTEM character over survey area 	5,None,None
29013,16,2.2.2 GEOTEM anomalies 	5,None,None
29013,17,3. 	FOLLOW UP OF GEOTEM ANOMALIES 	10,Head,None
29013,18,4. 	CONCLUSIONS AND RECOMMENDATIONS 	10,Head,None
29013,19,5. 	REFERENCES 	11,Head,None
29349,0,"EPMs 8913, 10435 Sandy Creek JV 	November 1997",None,None
29349,1,TABLE OF CONTENTS,None,None
29349,2,Page,None,None
29349,3,1. 	INTRODUCTION 	1,Head,Intro
29349,4,2. 	TENEMENTS 	1,Head,None
29349,5,3. 	GEOLOGY 	1,Head,None
29349,6,4. 	WORK COMPLETED 	1,Head,Work
29349,7,4.1 	Kuridala Combined GEOTEM and Aeromagnetic Survey 	2,Sub,None
29349,8,4.2 	Jolimont Gravity Survey 	3,Sub,None
29349,9,4.3 	Bustard Flat Moving Loop SIROTEM 	3,Sub,None
29349,10,4.4 	Bustard Flat Drilling: ANP453 	4,Sub,Work
29349,11,5.0 	CONCLUSIONS AND RECOMMENDATIONS 	4,Sub,None
29733,0,Lightning Creek/Buster Creek Joint Venture 	March 1997,None,None
29733,1,TABLE OF CONTENTS,None,None
29733,2,Page,None,None
29733,3,SUMMARY,None,Summ
29733,4,1. 	INTRODUCTION 	1,Head,Intro
29733,5,2. 	TENEMENT DETAILS 	1,Head,None
29733,6,3. 	PREVIOUS WORK 	2,Head,Work
29733,7,4. 	WORK COMPLETED FOR THE YEAR TO 15 TH 	2,Head,Work
29733,8,"DECEMBER, 1997",None,None
29733,9,4.1 	Cowie GEOTEM anomaly 	2,Sub,None
29733,10,4.2 	Moving Loop EM and Ground Magnetics 	3,Sub,None
29733,11,4.3 	Diamond drilling 	3,Sub,Work
29733,12,5. 	CONCLUSIONS AND RECOMMENDATIONS 	4,Head,None
30281,0,CONTENTS,None,None
30281,1,ITEM 	PAGE,None,None
30281,2,SUMMARY 	1,None,Summ
30281,3,INTRODUCTION 	1,None,None
30281,4,Table 1: Borehole Data 	1,None,None
30281,5,GEOLOGY 	2,None,None
30281,6,DRILLING OPERATIONS 	2 3,None,None
30281,7,LITHOLOGICAL AND MUD GAS LOGGING 	3,None,None
30281,8,WIRELINE LOGGING 	3,None,None
30281,9,DRILL STEM TESTING 	3,None,None
30281,10,PLUG AND ABANDON PROGRAMME 	3 4,None,None
30281,11,ATTACHED FIGURES,None,None
30281,12,Figure 1 	Location and Geological Setting,None,None
30281,13,Figure 2 	Drilling Progress,None,None
30281,14,ENCLOSURES,None,None
30281,15,Cuttings Descriptions,None,None
30281,16,Formation Evaluation Log,None,None
30281,17,S7 313,None,None
30281,18,3e 3023.\ 28.\,None,None
30392,0,Urandangi Project Annual Report 	September 1998,None,None
30392,1,TABLE OF CONTENTS,None,None
30392,2,Page,None,None
30392,3,SUMMARY,None,Summ
30392,4,1. 	INTRODUCTION 	1,Head,Intro
30392,5,-,None,None
30392,6,2. 	TENURE 	1,Head,None
30392,7,3. 	RATIONALE FOR EXPLORATION 	1,Head,Work
30392,8,4. 	PREVIOUS WORK BY BHP MINERALS 	1,Head,Work
30392,9,5. 	WORK COMPLETED BY BHP MINERALS IN THE CURRENT,Head,Work
30392,10,TERM 	2,None,None
30392,11,5.1 	Site U 24 	2,Sub,None
30392,12,6. 	CONCLUSIONS 	3,Head,None
30540,0,EPM 10628 	September 1998,None,None
30540,1,TABLE OF CONTENTS,None,None
30540,2,Page,None,None
30540,3,1. 	INTRODUCTION 	1,Head,Intro
30540,4,2. 	TENEMENT DETAILS 	1,Head,None
30540,5,3. 	PREVIOUS EXPLORATION 	2,Head,Work
30540,6,4. 	WORK COMPLETED 	2,Head,Work
30540,7,"4.1 	Ground PROTEM Survey, Line 2100N 	2",Sub,None
30540,8,4.2 	Drill Hole BD01 	3,Sub,Work
30540,9,"4.3 	Downhole PROTEM, Hole BD01 	4",Sub,None
30540,10,5. 	CONCLUSION 	4,Head,None
30540,11,REFERENCES 	4,None,None
31069,0,TABLE OF CONTENTS,None,None
31069,1,Page,None,None
31069,2,SUMMARY,None,Summ
31069,3,1. INTRODUCTION 	1,Head,Intro
31069,4,2. 	TENEMENT DETAILS 	1,Head,None
31069,5,2.1 Location and Access 	1,Sub,None
31069,6,2.2 Tenure 	1,Sub,None
31069,7,3. GEOLOGY 	2,Head,None
31069,8,4. 	WORK COMPLETED 	2,Head,Work
31069,9,4.1 	125 Hz GEOTEM Survey - Aberfoyle 	2,Sub,None
31069,10,4.2 	25 Hz GEOTEMDEEP Survey - BHP Minerals 	2,Sub,None
31069,11,4.3 Aeromagnetics 	3,Sub,None
31069,12,5. CONCLUSIONS 	3,Head,None
31069,13,DEPARTMENT OF MINERALS AND ENERGY,None,None
31069,14,Exploration Reports Management System,None,None
31069,15,TRANSACTION No: 	5.8.4..,None,None
31069,16,REPORT NO,None,None
31069,17,31069,None,None
31069,18,PART 	I.. 	I..of,None,None
31356,0,CR 31356,None,None
31356,1,EPM 10732 - Partial Relinquishment Report 	October 1999,None,None
31356,2,TABLE OF CONTENTS,None,None
31356,3,SUMMARY 	Page,None,Summ
31356,4,1. 	INTRODUCTION 	1,Head,Intro
31356,5,2. 	TENEMENT DETAILS 	1,Head,None
31356,6,3. 	GEOLOGY 	1,Head,None
31356,7,4. 	PREVIOUS WORK 	1,Head,Work
31356,8,5. 	WORK COMPLETED 	2,Head,Work
31356,9,5.1 	25 Hz GEOTEM Survey 	2,Sub,None
31356,10,5. 	CONCLUSIONS 	3,Head,None
32676,0,CR 10157 EPM 7786 Longford 	March 2001,None,None
32676,1,TABLE OF CONTENTS,None,None
32676,2,Page,None,None
32676,3,SUMMARY,None,Summ
32676,4,1. 	INTRODUCTION 	1,Head,Intro
32676,5,2. 	HISTORY AND TENEMENT DETAILS 	1,Head,None
32676,6,3. 	GEOLOGY 	2,Head,None
32676,7,4. 	WORK COMPLETED BY BHPM 	3,Head,Work
32676,8,4.1 	Summary of Work Completed 	3,Sub,Work
32676,9,4.2 Aeromagnetic Surveys 	3,Sub,None
32676,10,4.3 Ground Magnetic Surveys 	5,Sub,None
32676,11,4.4 Ground EM Surveys 	5,Sub,None
32676,12,4.5 Gravity Surveys 	6,Sub,None
32676,13,4.6 	Stream BLEG and Soil and Rock Sampling Mayfields Area 	6,Sub,None
32676,14,4.7 Drilling 	7,Sub,Work
32676,15,4.8 	Down Hole EM Surveys 	10,Sub,None
32676,16,4.9 Petrology 	10,Sub,None
32676,17,5. 	CONCLUSIONS 	11,Head,None
32676,18,REFERENCES 	12,None,None
33054,0,CR 10352 - EPM 11217 South Palmer River 	November 2001,None,None
33054,1,TABLE OF CONTENTS,None,None
33054,2,Page,None,None
33054,3,SUMMARY,None,Summ
33054,4,1. 	INTRODUCTION 	1,Head,Intro
33054,5,2. 	TENEMENT DETAILS 	1,Head,None
33054,6,3. 	GEOLOGY AND EXPLORATION MODEL 	2,Head,Work
33054,7,3.1 Geology 	2,Sub,None
33054,8,3.2 	Exploration Model 	2,Sub,Work
33054,9,4. 	WORK COMPLETED 	3,Head,Work
33054,10,4.1 	Summary of Wrok Completed 	3,Sub,None
33054,11,4.2 	Stream Sediment Sampling 	3,Sub,None
33054,12,4.3 	Rock Chip Sampling 	3,Sub,None
33054,13,4.4 	Soil Sampling 	4,Sub,None
33054,14,4.5 	Work by Strike Mining 	4,Sub,Work
33054,15,5. 	CONCLUSIONS 	4,Head,None
33355,0,CR 	3,None,None
33355,1,CONTENTS,None,None
33355,2,FIGURES,None,None
33355,3,1. 	Borehole Location Map,Head,None
33355,4,APPENDICES,None,None
33355,5,A. 	English Lithology Logs,None,None
33355,6,B. 	Graphical Logs,None,None
33355,7,C. 	Downhole Geophysical Logs,None,None
36198,0,TABLE OF CONTENTS,None,None
36198,1,Page,None,None
36198,2,1. 	INTRODUCTION 	1,Head,Intro
36198,3,2. 	TENURE 	1,Head,None
36198,4,3. 	GEOLOGY 	1,Head,None
36198,5,4. 	PREVIOUS EXPLORATION WORK 	3,Head,Work
36198,6,5. 	EXPLORATION WORK COMPLETED 	3,Head,Work
36198,7,5.1 	Introduction 	3,Sub,Intro
36198,8,5.2 	Drilling 	3,Sub,Work
36198,9,6. 	CONCLUSIONS 	4,Head,None
36198,10,List of Figures,None,None
36198,11,Drawing No.,None,None
36198,12,Figure 1 	Location - Tenement Map 	A4-2324,None,None
36198,13,Figure 2 	Summary Map Showing all Work Completed 	A4-2561,None,None
36198,14,List of Tables,None,None
36198,15,Page,None,None
36198,16,Table 1 	Tenement Details 	1,None,None
36198,17,Table 2 	Major Stratigraphic Units - Wilgunya Area 	2,None,None
36198,18,Table 3 	Summary of Drilling Details 	4,None,None
36198,19,List of Appendices,None,None
36198,20,Appendix 1 	Drill Hole Logs and Data,None,None
37414,0,TABLE OF CONTENTS,None,None
37414,1,Page,None,None
37414,2,1. 	INTRODUCTION 	1,Head,Intro
37414,3,2. 	TENURE 	1,Head,None
37414,4,3. 	GEOLOGY 	2,Head,None
37414,5,4. 	EXPLORATION MODELS 	2,Head,Work
37414,6,5. 	EXPLORATION WORK COMPLETED BY BHPB 	3,Head,Work
37414,7,5.1 	Introduction 	3,Sub,Intro
37414,8,5.2 	FALCONTM Survey 	3,Sub,None
37414,9,5.3 	Data Interpretation 	3,Sub,None
37414,10,6. 	CONCLUSIONS 	4,Head,None
37414,11,7. 	REFERENCES 	5,Head,None
37414,12,List of Figures,None,None
37414,13,Drawing No.,None,None
37414,14,Figure 1 	Location - Tenement Map 	A4-2514,None,None
37414,15,Figure 2 	Regional Geology and Target Areas 	X,None,None
37414,16,List of Tables,None,None
37414,17,Page,None,None
37414,18,Table 1 	Tenement Details 	1,None,None
37414,19,List of Appendices,None,None
37414,20,Appendix 1 	Summary Information on Anomalies,None,None
37838,0,TABLE OF CONTENTS,None,None
37838,1,Page,None,None
37838,2,1. 	INTRODUCTION 	1,Head,Intro
37838,3,2. 	TENURE 	1,Head,None
37838,4,3. 	GEOLOGY 	1,Head,None
37838,5,4. 	EXPLORATION WORK COMPLETED DURING THE PERIOD 	2,Head,Work
37838,6,5. 	CONCLUSIONS 	2,Head,None
37838,7,List of Figures,None,None
37838,8,Drawing No.,None,None
37838,9,Figure 1 	Location - Tenement Map 	A4-2417,None,None
37838,10,List of Tables,None,None
37838,11,Page,None,None
37838,12,Table 1 	Tenement Details 	1,None,None
38865,0,TABLE OF CONTENTS,None,None
38865,1,Page,None,None
38865,2,1. 	INTRODUCTION 	1,Head,Intro
38865,3,2. 	TENURE 	1,Head,None
38865,4,3. 	GEOLOGY 	1,Head,None
38865,5,4. 	EXPLORATION WORK COMPLETED DURING THE PERIOD 	1,Head,Work
38865,6,List of Figures,None,None
38865,7,Drawing No.,None,None
38865,8,Figure 1 	Location Map 	A4-2417A,None,None
38865,9,List of Tables,None,None
38865,10,Page,None,None
38865,11,Table 1 	Tenement Details 	1,None,None
39782,0,TABLE OF CONTENTS,None,None
39782,1,Page,None,None
39782,2,1. 	INTRODUCTION 	1,Head,Intro
39782,3,2. 	TENEMENT DETAILS 	1,Head,None
39782,4,3. 	GEOLOGY 	1,Head,None
39782,5,4. 	WORK COMPLETED 	2,Head,Work
39782,6,4.1 Ground Geophysics 	2,Sub,None
39782,7,4.2 Drilling 	2,Sub,Work
39782,8,5. 	CONCLUSIONS 	4,Head,None
39782,9,List of Figures,None,None
39782,10,Drawing No.,None,None
39782,11,Figure 1 	Location Map 	A4-2630,None,None
39782,12,Figure 2 	Summary Map 	A3-1446,None,None
39782,13,Figure 3 	Strip Log (ESD04007),None,None
39782,14,Figure 4 	Strip Log (ESD04008),None,None
39782,15,List of Tables,None,None
39782,16,Page,None,None
39782,17,Table 1 	Tenement Details 	1,None,None
39782,18,Table 2 	Drilling Summary 	3,None,None
39782,19,List of Appendices,None,None
39782,20,Appendix 1 	Ground gravity and magnetic data,None,None
39782,21,"Appendix 2 	Drill Collar, downhole survey and downhole geology",None,None
39782,22,Appendix 3 	Downhole Geochemistry,None,None
39782,23,Appendix 4 	Downhole magnetic susceptibility readings,None,None
39782,24,Appendix 5 	Specific Gravity measurements (core),None,None
42781,0,TABLE OF CONTENTS,None,None
42781,1,Page,None,None
42781,2,1. 	INTRODUCTION 	6,Head,Intro
42781,3,2. 	TENURE 	6,Head,None
42781,4,3. 	GEOLOGY 	7,Head,None
42781,5,4. 	EXPLORATION WORK COMPLETED DURING THE PERIOD 	8,Head,Work
42781,6,4.1 	Introduction 	8,Sub,Intro
42781,7,4.2 	Target Selection 	9,Sub,None
42781,8,4.3 	Geophysics 	9,Sub,None
42781,9,5. 	CONCLUSIONS 	41,Head,None
42781,10,6. 	REFERENCES 	41,Head,None
42781,11,List of Figures,None,None
42781,12,Drawing No.,None,None
42781,13,Figure 1 	Location Map 	A4-2649,None,None
42781,14,Figure 2 	Summary Map 	A4-2650,None,None
42781,15,List of Tables,None,None
42781,16,Page,None,None
42781,17,Table 1 	Tenement Details 	6,None,None
42781,18,Table 2 	Lithostratigraphic and geophysical comparison between the,None,None
42781,19,Soldiers Cap Group and Fullarton River Group 	8,None,None
42781,20,Table 3 	Description of Target Areas 	9,None,None
42781,21,List of Appendices,None,None
42781,22,Appendix 1 	Ground Gravity Data,None,None
43505,0,TABLE OF CONTENTS,None,None
43505,1,Page,None,None
43505,2,1 	Introduction 	1,Head,Intro
43505,3,1.1 Tenure 	1,Sub,None
43505,4,1.2 Geology 	2,Sub,None
43505,5,2 	Exploration Completed 	6,Head,Work
43505,6,2.1 Airborne Electromagnetics (AEM) 	6,Sub,None
43505,7,2.1.1 Results 	6,None,None
43505,8,2.1.2 Conclusions 	7,None,None
43505,9,3 	References 	10,Head,None
43505,10,List of Figures,None,None
43505,11,Page,None,None
43505,12,Figure 1: Tenement Location Map 	3,None,None
43505,13,Figure 2: Airborne EM Lines over Aeromagnetics 	7,None,None
43505,14,Figure 3: Conductivity depth images for EPM14724 	8,None,None
43505,15,Figure 4: Conductivity depth images for EPM14722 	9,None,None
43505,16,List of Tables,None,None
43505,17,Page,None,None
43505,18,Table 1: Tenement Listing 	1,None,None
43505,19,Table 2: Tenement Details 	1,None,None
43505,20,Table 3 	Georgetown Province Litho-Stratigraphy 	4,None,None
43505,21,Table 4 	Airborne Equipment Specifications 	7,None,None
44387,0,TABLE OF CONTENTS,None,None
44387,1,Page,None,None
44387,2,1. 	INTRODUCTION 	1,Head,Intro
44387,3,2. 	TENURE 	1,Head,None
44387,4,3. 	GEOLOGY 	2,Head,None
44387,5,4. 	EXPLORATION WORK COMPLETED 	2,Head,Work
44387,6,5. 	CONCLUSION 	2,Head,None
44387,7,List of Figures,None,None
44387,8,Figure 1 	Tenement Map,None,None
44387,9,List of Tables,None,None
44387,10,Page,None,None
44387,11,Table 1 	Tenement Details 	1,None,None
44387,12,Table 2 	Sub-block Details 	1,None,None
45470,0,TABLE OF CONTENTS,None,None
45470,1,Page,None,None
45470,2,1. Introduction 	1,Head,Intro
45470,3,2. Tenure 	1,Head,None
45470,4,3. Geology 	3,Head,None
45470,5,4. Exploration work completed during the period 	3,Head,Work
45470,6,List of Figures,None,None
45470,7,Drawing No.,None,None
45470,8,Figure 1. Location Tenement Map 	2,None,None
45470,9,List of Tables,None,None
45470,10,Table 1. 	Tenement Details 	1,None,None
45470,11,"Table 2. EPM 14456 & 11591 Waterhole, Sub-Block Details 	1",None,None
47884,0,TABLE OF CONTENTS,None,None
47884,1,Page,None,None
47884,2,1. Introduction 	1,Head,Intro
47884,3,2. Tenure 	1,Head,None
47884,4,3. Geology 	3,Head,None
47884,5,4. Exploration work completed during the period 	3,Head,Work
47884,6,5. Summary 	3,Head,Summ
47884,7,List of Figures,None,None
47884,8,Drawing No.,None,None
47884,9,Figure 1. Location Tenement Map 	2,None,None
47884,10,List of Tables,None,None
47884,11,Table 1. 	Tenement Details 	1,None,None
52673,0,TABLE OF CONTENTS,None,None
52673,1,Page,None,None
52673,2,1. 	INTRODUCTION 	1,Head,Intro
52673,3,2. 	TENURE 	1,Head,None
52673,4,3. 	GEOLOGY 	2,Head,None
52673,5,4. 	EXPLORATION WORK COMPLETED and CONCLUSION 	2,Head,Work
52673,6,List of Figures,None,None
52673,7,Drawing No.,None,None
52673,8,Figure 1 	Location Map,None,None
52673,9,List of Tables,None,None
52673,10,Page,None,None
52673,11,Table 1 	Tenement Details 	2,None,None
53638,0,IABLE OF CONTENTS,None,None
53638,1,Page,None,None
53638,2,1. Introduction 	1,Head,Intro
53638,3,2. Tenure 	1,Head,None
53638,4,3. Geology 	3,Head,None
53638,5,4. Exploration work completed during the period 	3,Head,Work
53638,6,Introduction 	3,None,None
53638,7,Cultura Heritage Clearance 	3,None,None
53638,8,Drilling 	3,None,None
53638,9,Geochemistry 	6,None,None
53638,10,Geophysics 	6,None,None
53638,11,5. Conclusions 	6,Head,None
53638,12,List of Figures,None,None
53638,13,Drawing No.,None,None
53638,14,Figure 1. Location Tenement Map 	1,None,None
53638,15,Figure 2. 	Summary Map 	2,None,None
53638,16,List of Tables,None,None
53638,17,Table 1. 	Tenement Details 	1,None,None
53638,18,Table 2. 	EPM 13768 Teck Cominco / BHPB Sub-Block Details 	1,None,None
53638,19,Table 3. 	Target Details 	4,None,None
53638,20,List of Appendices,None,None
53638,21,Appendix 1 	Analytical Results 	7,None,None
56500,0,TIABLE OF CONTENTS,None,None
56500,1,Page,None,None
56500,2,1. Introduction 	1,Head,Intro
56500,3,2. Tenure 	1,Head,None
56500,4,3. Geology 	3,Head,None
56500,5,4. Exploration Work Completed 	3,Head,Work
56500,6,4.1 	Cultural Heritage Clearance 	3,Sub,None
56500,7,4.2. 	Drilling 	3,None,None
56500,8,4.3 	Geochemical Sampling 	4,Sub,None
56500,9,5. Conclusions 	6,Head,None
56500,10,List of Figures,None,None
56500,11,Figure 1. Tenement Location Map 	2,None,None
56500,12,Figure 2. 	Drill Collar Locations 	5,None,None
56500,13,List of Tables,None,None
56500,14,Table 1. 	Tenement Details 	1,None,None
56500,15,Table 2. 	Drill Hole Details 	4,None,None
56500,16,List of Appendices,None,None
56500,17,Appendix 1 Dril Hole Details and Geological Logs,None,None
56500,18,Appendix 2 Drilling Geochemical Results,None,None
56628,0,TABLE OF CONTENTS,None,None
56628,1,Page,None,None
56628,2,1. Introduction 	4,Head,Intro
56628,3,2. Tenure 	4,Head,None
56628,4,3. Geology 	6,Head,None
56628,5,4. Exploration work completed during the period 	8,Head,Work
56628,6,5. Conclusions 	8,Head,None
56628,7,List of Figures,None,None
56628,8,Figure 1. Tenement Location Map 	5,None,None
56628,9,List of Tables,None,None
56628,10,Table 1. 	Tenement Details 	4,None,None
56628,11,Table 2. 	Lithostratigraphic and geophysical comparison between the Soldiers,None,None
56628,12,Cap Group and Fullarton River Group 	7,None,None
56628,13,3,None,None
57048,0,TABLE OF CONTENTS,None,None
57048,1,Page No.,None,None
57048,2,1. Introduction 	1,Head,Intro
57048,3,2. Tenure 	1,Head,None
57048,4,3. Geology 	5,Head,None
57048,5,4. Exploration work completed during the period 	5,Head,Work
57048,6,5. Conclusion 	5,Head,None
57048,7,List of Tables,None,None
57048,8,Table 1. 	Tenement Details 	1,None,None
57048,9,Table 2. 	EPM 14469 'Strathfield 9' Sub-Block Details 	1,None,None
57048,10,Table 3. EPM 14469 'Strathfield 9' Sub-Block Reduction Details 	2,None,None
57048,11,List of Figures,None,None
57048,12,Figure 1. Tenement Location Map 	3,None,None
57048,13,Figure 2. 	Tenement Relinquishment Map 	4,None,None
57418,0,BMA,None,None
57418,1,BHP Billiton Mitsubishi Alliance,None,None
57418,2,TABLE OF CONTENTS,None,None
57418,3,1 Introduction 	1,Head,Intro
57418,4,2 	Previous Exploration 	3,Head,Work
57418,5,2.1 	Historical Exploration 	3,Sub,Work
57418,6,3 	Work Programme Year 1 	4,Head,Work
57418,7,4 Geology 	7,Head,None
57418,8,4.1 Stratigraphy 	7,Sub,None
57418,9,4.2 Structure 	7,Sub,None
57418,10,5 	Future Exploration Plans 	8,Head,Work
57418,11,6 References 	9,Head,None
57418,12,List of Tables,None,None
57418,13,Table 1 - Field Acquisition 	6,None,None
57418,14,List of Figures,None,None
57418,15,Figure 1 - Location Map 	2,None,None
57418,16,Figure 2 - Map showing seismic lines 	5,None,None
57418,17,Appendices,None,None
57418,18,Appendix 1 - Tartarus Sub-block,None,None
57418,19,Appendix 2 - Tartarus Geology Summary Map,None,None
57418,20,"Appendix 3 - South Cockenzie EPC1161 Lotus Park, EPC1160 Falcon Downs and",None,None
57418,21,EPC 1163 Tartarus Photo-geological Interpretation for BHP Billiton,None,None
57418,22,"Mitsubishi Alliance, Final Report September 2008.",None,None
57418,23,Appendix 4 - Regional Aero-Geophysical Interpretation of Cockenzie & Cockenzie,None,None
57418,24,"South Projects (EPCs 971, 1160 1161 & 1163), Queensland,",None,None
57418,25,Final Report September 2008,None,None
57418,26,Appendix 5 - Petrographic report of outcrop samples,None,None
63707,0,TABLE OF CONTENTS,None,None
63707,1,Page,None,None
63707,2,1. 	INTRODUCTION 	1,Head,Intro
63707,3,2. 	TENURE 	1,Head,None
63707,4,3. 	GEOLOGY 	2,Head,None
63707,5,4. 	EXPLORATION WORK COMPLETED 	3,Head,Work
63707,6,5. 	CONCLUSION 	5,Head,None
63707,7,List of Figures,None,None
63707,8,Figure 1 	Location Map 	4,None,None
63707,9,List of Tables,None,None
63707,10,Page,None,None
63707,11,Table 1 	Tenement Details 	2,None,None
63707,12,Table 2 	Comparison of Soldiers Cap & Fullarton River Groups 	3,None,None
67792,0,TABLE OF CONTENTS,None,None
67792,1,Page,None,None
67792,2,1. 	INTRODUCTION 	1,Head,Intro
67792,3,2. 	TENURE 	1,Head,None
67792,4,3. 	GEOLOGY 	1,Head,None
67792,5,4. 	EXPLORATION WORK COMPLETED 	3,Head,Work
67792,6,4.1 	Cultural Heritage Clearance 	3,Sub,None
67792,7,4.2. 	Drilling 	3,None,None
67792,8,4.3. 	Geochemical Sampling 	6,None,None
67792,9,5. 	CONCLUSIONS 	6,Head,None
67792,10,List of Figures,None,None
67792,11,Page,None,None
67792,12,Figure 1 	Tenement Location Map 	2,None,None
67792,13,Figure 2 	Drill Hole Location Map 	4,None,None
67792,14,Figure 3 	Geophysical Modelling of Beenfield Target 	5,None,None
67792,15,List of Tables,None,None
67792,16,Page,None,None
67792,17,Table 1 	Tenement Details 	1,None,None
67792,18,Table 2 	Drill Hole Details 	3,None,None
67792,19,List of Appendices,None,None
67792,20,Appendix 1 	Drill Hole Details and Geology Logs,None,None
67792,21,Appendix 2 	Drill Hole Geochemical Assay Data,None,None
68861,0,TABLE OF CONTENTS,None,None
68861,1,Page,None,None
68861,2,1. 	INTRODUCTION 	1,Head,Intro
68861,3,2. 	TENURE 	1,Head,None
68861,4,3. 	GEOLOGY 	1,Head,None
68861,5,4. 	EXPLORATION WORK COMPLETED 	3,Head,Work
68861,6,5. 	CONCLUSIONS 	3,Head,None
68861,7,List of Figures,None,None
68861,8,Figure 1 	Location Map 	2,None,None
68861,9,List of Tables,None,None
68861,10,Page,None,None
68861,11,Table 1 	Tenement Details 	1,None,None
74718,0,TABLE OF CONTENTS,None,None
74718,1,1. INTRODUCTION 	4,Head,Intro
74718,2,2. TENURE 	4,Head,None
74718,3,3. GEOLOGY 	5,Head,None
74718,4,4. EXPLORATION WORK COMPLETED 	8,Head,Work
74718,5,Summary of Work Completed 	8,None,Summ
74718,6,4.1 GEOPHYSICS 	8,Sub,None
74718,7,4.1.1 Airborne Magnetic/Radiometric Surveys 	8,None,None
74718,8,4.1.2 25 Hz GEOTEM Survey 	8,None,None
74718,9,4.1.3 Ground Magnetic Surveys 	8,None,None
74718,10,4.1.4 Gravity Surveys 	9,None,None
74718,11,4.2 Drilling 	10,Sub,Work
74718,12,5. CONCLUSIONS 	10,Head,None
74718,13,List of Figures,None,None
74718,14,Figure 1: Sub-blocks relinquished for EPM 6788 	7,None,None
74718,15,Figure 2 Geophyiscal surveys for relinquished sub-blocks 	12,None,None
74718,16,List of Tables,None,None
74718,17,Table 1 Tenement Details 	4,None,None
74718,18,Table 2 Sub blocks to be relinquished 18 in total 	4,None,None
74718,19,Table 3 Lithostratigraphic and geophysical comparison between the Soldiers Cap group and,None,None
74718,20,Fullarton River Group 	6,None,None
74718,21,Table 4 Summary of Gravity Surveys 	9,None,None
74718,22,Table 5 Drill hole details for all drilling conducted on the relinquished sub-blocks EPM6788 11,None,None
74718,23,List of Appendices,None,None
74718,24,Appendix A: Geochemical Results,None,None
74718,25,Appendix B: Geological Logs,None,None
