DocID,LineNum,SectionText,Heading
21838,0,TABLE OF CONTENTS,0
21838,1,Page,0
21838,2,cyfra punkt  	INTRODUCTION cyfra ,1
21838,3,cyfra punkt  	TENEMENT HISTORY cyfra ,1
21838,4,cyfra punkt cyfra  Authority to Prospect 5899M cyfra ,2
21838,5,"""Stockman Creek""",0
21838,6,cyfra punkt cyfra  Authority to Prospect 6050M cyfra ,2
21838,7,"""Einasleigh""",0
21838,8,cyfra punkt  	WORK CONDUCTED cyfra ,1
21838,9,cyfra punkt  	GEOPHYSICS cyfra ,1
21838,10,cyfra punkt cyfra  Introduction cyfra ,2
21838,11,cyfra punkt cyfra  Railway Flats and Coolaba Flats cyfra ,2
21838,12,Moving Loop,0
21838,13,cyfra punkt cyfra  Coolaba Flats Fixed Loop cyfra ,2
21838,14,cyfra punkt cyfra  Railway Flats Fixed LOOP SIROTEM cyfra ,2
21838,15,cyfra punkt cyfra  Stockman Creek Fixed LOOP SIROTEM cyfra ,2
21838,16,cyfra punkt  	CONCLUSIONS AND RECOMMENDATIONS cyfra ,1
21838,17,cyfra punkt  	REFERENCES cyfra ,1
21838,18,APPENDIX I,0
21838,19,SIROTEM Profiles,0
22701,0,CONTENTS,0
22701,1,SUMMARY,1
22701,2,cyfra punkt  	INTRODUCTION,1
22701,3,cyfra punkt  	TITLES,1
22701,4,cyfra punkt  	PREVIOUS EXPLORATION,1
22701,5,cyfra punkt  	GEOLOGY,1
22701,6,cyfra punkt  	EXPLORATION FOR THE PERIOD ENDED 25TH MAY 1991,1
22701,7,cyfra punkt cyfra  	DRILLING RESULTS,2
22701,8,cyfra punkt cyfra  	DISCUSSION OF DRILLING RESULTS,2
22701,9,"cyfra punkt  	CONCLUSIONS, RECOMMENDATIONS AND PROPOSED WORK",1
22701,10,cyfra punkt  	EXPENDITURE,1
23543,0,TABLE OF CONTENTS,0
23543,1,PAGE,0
23543,2,cyfra punkt  	INTRODUCTION,1
23543,3,cyfra punkt  	TENEMENT DETAILS,1
23543,5,PREVIOUS WORK AND LITERATURE REVIEW,1
23543,7,GEOLOGY AND GEOPHYSICS,1
23543,8,cyfra punkt  RECOMMENDATIONS,1
23543,9,FIGURES,0
23543,10,DRAWING NO,0
23543,11,"FIGURE 1 LOCATION MAP, EPM 7777",0
23543,12,A4-1311,0
23543,13,FIGURE 2 GROUND MAGNETIC TRAVESE LOCATIONS 	A4-1370,0
23543,14,APPENDICES,0
23543,15,APPENDIX 1,0
23543,16,GROUND MAGNETIC PROFILES,0
24362,0,TABLE OF CONTENTS,0
24362,1,SUMMARY,1
24362,2,cyfra punkt  INTRODUCTION cyfra ,1
24362,3,cyfra punkt  TENEMENT DETAILS cyfra ,1
24362,4,cyfra punkt  PREVIOUS WORK cyfra ,1
24362,5,cyfra punkt  WORK CONDUCTED cyfra ,1
24362,6,cyfra punkt  CONCLUSIONS cyfra ,1
24362,7,APPENDICES,0
24362,8,cyfra punkt  	AEROMAGNETIC SURVEY DETAILS,0
24362,9,LIST OF FIGURES,0
24362,10,Drawing No. 	Scale,0
24362,11,cyfra punkt  Location Map EPM 7786 - 	A4-1223C 1:1000 000,0
24362,12,Longford Relinquishment Area,0
24362,13,LIST OF PLATES,0
24362,14,cyfra punkt  	Aeromagnetic Contours for 	A1-1412 1:100 000,0
24362,15,area relinquished.,0
25551,0,TABLE OF CONTENTS,0
25551,1,SUMMARY,1
25551,2,cyfra punkt  INTRODUCTION cyfra ,1
25551,3,cyfra punkt cyfra  Introductory Statement cyfra ,2
25551,4,cyfra punkt cyfra  Tenement Details cyfra ,2
25551,5,cyfra punkt cyfra  Exploration Strategy cyfra ,2
25551,6,cyfra punkt cyfra  Summary of Work Conducted cyfra ,2
25551,7,cyfra punkt  SURFACE EVALUATION cyfra ,1
25551,8,cyfra punkt cyfra  Geology cyfra ,2
25551,9,cyfra punkt cyfra  Rock Chip sampling cyfra ,2
25551,10,cyfra punkt  GEOPHYSICS cyfra ,1
25551,11,cyfra punkt cyfra  Airborne GEOTEM cyfra ,2
25551,12,cyfra punkt cyfra  Moving Loop EM cyfra ,2
25551,13,cyfra punkt cyfra  Ground magnetics cyfra ,2
25551,14,cyfra punkt  CONCLUSION cyfra ,1
25551,15,cyfra punkt  REFERENCES cyfra ,1
26114,0,EPM 9526 	July 1994,0
26114,1,TABLE OF CONTENTS,0
26114,2,SUMMARY,0
26114,3,Page,0
26114,4,cyfra punkt  	INTRODUCTION cyfra ,1
26114,5,cyfra punkt  	TENEMENT DETAILS cyfra ,1
26114,6,cyfra punkt  	GEOLOGY cyfra ,1
26114,7,cyfra punkt  	PREVIOUS EXPLORATION cyfra ,1
26114,8,cyfra punkt  	BHP EXPLORATION PROGRAM cyfra ,1
26114,9,cyfra punkt cyfra  	Reconnaissance Sampling cyfra ,2
26114,10,cyfra punkt cyfra  	The Three Peaks Prospect cyfra ,2
26114,11,cyfra punkt cyfra punkt cyfra  	Gridding cyfra ,2
26114,12,cyfra punkt cyfra punkt cyfra  	Mapping cyfra ,2
26114,13,cyfra punkt cyfra punkt cyfra  	Soil Sampling cyfra ,2
26114,14,cyfra punkt cyfra punkt cyfra  	Ground Magnetics Survey cyfra ,2
26114,15,cyfra punkt  	DISCUSSION cyfra ,1
26114,16,cyfra punkt  	RECOMMENDATIONS AND CONCLUSIONS cyfra ,1
26114,17,REFERENCES cyfra ,1
26114,18,DEPAFITAEEAT GAEECANS A AND CESGY,0
26114,19,Expioratlo: Reports Management System,0
26114,20,TFANSACTION NO,0
26114,21,REPORT NC,0
26114,22,PAFT 	of,0
26168,0,CR CR#20 2 O 6 8,0
26168,1,EPM 9750 	January 1995,0
26168,2,TABLE OF CONTENTS,0
26168,3,Page,0
26168,4,SUMMARY,1
26168,5,cyfra punkt  	INTRODUCTION cyfra ,1
26168,6,cyfra punkt cyfra  	Introductory Statement cyfra ,2
26168,7,cyfra punkt cyfra  	Tenement Details cyfra ,2
26168,8,cyfra punkt cyfra  	Summary of Work Conducted cyfra ,2
26168,9,cyfra  	REGIONAL GEOLOGY cyfra ,1
26168,10,cyfra punkt cyfra  	Stratigraphy cyfra ,2
26168,11,cyfra punkt cyfra  	Structure and Metamorphism cyfra ,2
26168,12,cyfra  	EXPLORATION ACTIVITY cyfra ,1
26168,13,cyfra punkt cyfra  	Surface Inspection and Mapping cyfra ,2
26168,14,cyfra punkt cyfra  	Rock Chip Sampling cyfra ,2
26168,15,cyfra punkt cyfra  	Soil Geochemistry cyfra ,2
26168,16,cyfra punkt cyfra  	Airborne EM (GEOTEM) Survey Re-interpretation cyfra ,2
26168,17,cyfra  	CONCLUSIONS cyfra ,1
26168,18,REFERENCES cyfra ,1
26168,19,DEPARTMENT OF MIAIKI,0
26168,20,Exploration Reports Managamen i,0
26168,21,TRANSACTION No,0
26168,23,REPORT NO,0
26168,24,.36.1.6.8,0
26168,25,PART,0
26515,0,EPM 9873 	January 1995,0
26515,1,TABLE OF CONTENTS,0
26515,2,SUMMARY,1
26515,3,cyfra punkt  	INTRODUCTION cyfra ,1
26515,4,cyfra punkt  	TENEMENT DETAILS cyfra ,1
26515,5,cyfra punkt  	GEOLOGY cyfra ,1
26515,6,cyfra punkt  	PREVIOUS EXPLORATION cyfra ,1
26515,7,cyfra punkt  	BHP EXPLORATION PROGRAM cyfra ,1
26515,8,cyfra punkt  	DISCUSSION cyfra ,1
26515,9,cyfra punkt  	RECOMMENDATIONS AND CONCLUSIONS cyfra ,1
26515,10,REFERENCES cyfra ,1
26515,11,DEPARTMENT OF MINERALS AND ENERGY,0
26515,12,Exploration Reports Management System,0
26515,13,TRANSACTION No 	$.1012,0
26515,14,REPORT NO 	265.3..,0
26515,15,PART 	of,0
26518,0,EPM 9216 	February 1995,0
26518,1,TABLE OF CONTENTS,0
26518,2,SUMMARY,1
26518,3,Page,0
26518,4,cyfra punkt  	INTRODUCTION cyfra ,1
26518,5,cyfra punkt  	TENEMENT INFORMATION cyfra ,1
26518,6,cyfra punkt  	PREVIOUS WORK cyfra ,1
26518,7,cyfra punkt  	EXPLORATION BY BHPM cyfra ,1
26518,8,cyfra punkt cyfra  	Open Range Aeromagnetic Survey cyfra ,2
26518,9,cyfra punkt cyfra  	Exploration During 1993 cyfra ,2
26518,10,cyfra punkt cyfra punkt cyfra  Airborne EM Survey cyfra ,2
26518,11,cyfra punkt cyfra punkt cyfra  Ground Magnetics cyfra ,2
26518,12,cyfra punkt cyfra punkt cyfra  Soil Sampling cyfra ,2
26518,13,cyfra punkt cyfra  	Exploration during 1994,2
26518,14,cyfra punkt  	CONCLUSIONS cyfra ,1
26518,15,DEPARTMENT off MINERALS AND ENERGY,0
26518,16,Exploration Reports Management System,0
26518,17,TRANSACTION NO 	$7R.6,0
26518,18,REPORT NO 	069.8,0
26518,19,PART 	of,0
26525,0,"EPMs 9348, 9913, 9914, 9941 & 10416 	February 1995",0
26525,1,TABLE OF CONTENTS,0
26525,2,SUMMARY,1
26525,3,Page,0
26525,4,cyfra punkt  	INTRODUCTION cyfra ,1
26525,5,cyfra punkt  	TENEMENT DETAILS cyfra ,1
26525,6,cyfra punkt cyfra  	EPM 9348 - Lighthouse cyfra ,2
26525,7,cyfra punkt cyfra  	EPM 9913 - Mt Misery cyfra ,2
26525,8,cyfra punkt cyfra  	EPM 9914 - Stephen Creek cyfra ,2
26525,9,cyfra punkt cyfra  	EPM 9941 - White Springs Creek cyfra ,2
26525,10,cyfra punkt cyfra  	EPM 10416 Eveleigh cyfra ,2
26525,11,cyfra punkt  	GEOLOGY cyfra ,1
26525,12,cyfra punkt  	PREVIOUS EXPLORATION cyfra ,1
26525,13,cyfra punkt cyfra  	Lighthouse/Mt Misery EPMs cyfra ,2
26525,14,cyfra punkt cyfra  	White Springs Creek/Eveleigh EPMs cyfra ,2
26525,15,cyfra punkt cyfra  	Stephen Creek EPM cyfra ,2
26525,16,cyfra punkt  	WORK CONDUCTED cyfra ,1
26525,17,cyfra punkt cyfra  	Aeromagnetics Data cyfra ,2
26525,18,cyfra punkt cyfra  	Ground Checking of Aeromagnetic Features cyfra ,2
26525,19,cyfra punkt cyfra  	Stream Sediment Geochemistry cyfra ,2
26525,20,cyfra punkt cyfra  	Rock-chip Geochemistry/Mineralisation Styles cyfra ,2
26525,21,cyfra punkt cyfra  	Heavy Mineral Sampling cyfra ,2
26525,22,cyfra punkt cyfra  	BLEG Stream Sampling cyfra ,2
26525,23,cyfra punkt  	CONCLUSIONS AND RECOMMENDATIONS cyfra ,1
26845,0,EPM 9335,0
26845,1,Jun-95,0
26845,2,TABLE OF CONTENTS,0
26845,3,Page,0
26845,4,SUMMARY,1
26845,5,cyfra punkt  	INTRODUCTION cyfra ,1
26845,6,cyfra punkt  	TENEMENT DETAILS cyfra ,1
26845,7,cyfra punkt  	GEOLOGY cyfra ,1
26845,8,cyfra punkt  	PREVIOUS EXPLORATION cyfra ,1
26845,9,cyfra punkt  	BHP EXPLORATION PROGRAM cyfra ,1
26845,10,cyfra punkt cyfra  	Stream Sediment Sampling cyfra ,2
26845,11,cyfra punkt cyfra  	Soil Sampling cyfra ,2
26845,12,cyfra punkt cyfra  	Rock-chip Sampling cyfra ,2
26845,13,cyfra punkt  	DISCUSSION cyfra ,1
26845,14,cyfra punkt  	RECOMMENDATIONS AND CONCLUSIONS cyfra ,1
26845,15,REFERENCES cyfra ,1
27409,0,EPM 8440 	December 1995,0
27409,1,TABLE OF CONTENTS,0
27409,2,Page,0
27409,3,SUMMARY,1
27409,4,cyfra punkt  	INTRODUCTION cyfra ,1
27409,5,cyfra punkt cyfra  	Tenement details cyfra ,2
27409,6,cyfra punkt cyfra  	Site rehabilitation cyfra ,2
27409,7,cyfra punkt cyfra  	Geology and target concept cyfra ,2
27409,8,cyfra punkt  	PREVIOUS EXPLORATION cyfra ,1
27409,9,cyfra punkt  	WORK COMPLETED cyfra ,1
27409,10,cyfra punkt cyfra  	Ground magneties cyfra ,2
27409,11,cyfra punkt cyfra  	Drilling cyfra ,2
27409,12,"cyfra punkt cyfra punkt cyfra  Site 44 ""Clonagh"" cyfra ",2
27409,13,cyfra punkt  	CONCLUSIONS AND RECOMMENDATION cyfra ,1
27958,0,EPM 10777 	April 1996,0
27958,1,TABLE OF CONTENTS,0
27958,2,Page,0
27958,3,SUMMARY,1
27958,4,cyfra punkt  	INTRODUCTION cyfra ,1
27958,5,cyfra punkt  	TENEMENT DETAILS cyfra ,1
27958,6,cyfra punkt  	EXPLORATION BY BHP cyfra ,1
27958,7,cyfra punkt cyfra  Regional Interpretation cyfra ,2
27958,8,cyfra punkt cyfra  Ground SIROTEM Survey cyfra ,2
27958,9,cyfra punkt  	CONCLUSION cyfra ,1
27972,0,"EPMs 8662, 8688, 8734 	15 February 1996",0
27972,1,TABLE OF CONTENTS,0
27972,2,SUMMARY,1
27972,3,Page,0
27972,4,cyfra punkt  	INTRODUCTION cyfra ,1
27972,5,cyfra punkt  	TENEMENT DETAILS cyfra ,1
27972,6,cyfra punkt cyfra  	EPM 8662 Fernhill cyfra ,2
27972,7,cyfra punkt cyfra  	EPM 8688 Frasers Well cyfra ,2
27972,8,cyfra punkt cyfra  	EPM 8734 Percyvale cyfra ,2
27972,9,cyfra punkt  	GEOLOGY cyfra ,1
27972,10,cyfra punkt  	PAST EXPLORATION cyfra ,1
27972,11,cyfra punkt  	EXPLORATION CONDUCTED cyfra ,1
27972,12,cyfra punkt cyfra  	Introduction cyfra ,2
27972,13,cyfra punkt cyfra  	Geology cyfra ,2
27972,14,cyfra punkt cyfra  	Geochemistry cyfra ,2
27972,15,cyfra punkt cyfra punkt cyfra  	Stream Sediment Geochemistry cyfra ,2
27972,16,cyfra punkt cyfra punkt cyfra  	Rock chip sampling cyfra ,2
27972,17,cyfra punkt cyfra punkt cyfra  	Soil Sampling cyfra ,2
27972,18,cyfra punkt cyfra  	Geophysics cyfra ,2
27972,19,cyfra punkt cyfra punkt cyfra  	Acquisition of Aeromagnetic Data cyfra ,2
27972,20,cyfra punkt cyfra punkt cyfra  	Ground Magnetic Traverses cyfra ,2
27972,21,cyfra punkt cyfra punkt cyfra  	Airborne GEOTEM survey cyfra ,2
27972,22,cyfra punkt cyfra punkt cyfra  	Ground EM cyfra ,2
27972,23,cyfra punkt cyfra  	RC and Diamond Drilling cyfra ,2
27972,24,cyfra punkt  	CONCLUSIONS cyfra ,1
27972,25,REFERENCES cyfra ,1
28298,0,EPM 10778 	August 1996,0
28298,1,TABLE OF CONTENTS,0
28298,2,Page,0
28298,3,cyfra punkt  	INTRODUCTION cyfra ,1
28298,4,cyfra punkt  	TENEMENT INFORMATION cyfra ,1
28298,5,cyfra punkt  	PREVIOUS EXPLORATION cyfra ,1
28298,6,cyfra punkt  	EXPLORATION RATIONALE cyfra ,1
28298,7,cyfra punkt cyfra  	Geology cyfra ,2
28298,8,cyfra punkt cyfra  	Exploration Target and Concept cyfra ,2
28298,9,cyfra punkt  	WORK COMPLETED BY BHP MINERALS cyfra ,1
28298,10,cyfra punkt cyfra  	GEOTEM Reprocessing Results cyfra ,2
28298,11,cyfra punkt cyfra  	GEOTEM Results cyfra ,2
28298,12,cyfra punkt cyfra  	Moving Loop EM Surveying cyfra ,2
28298,13,cyfra punkt cyfra  	Moving Loop EM Processing cyfra ,2
28298,14,cyfra punkt cyfra  	Moving Loop EM Results cyfra ,2
29013,0,Police Creek Annual Report 	June 1997,0
29013,1,TABLE OF CONTENTS,0
29013,2,Page,0
29013,3,SUMMARY,1
29013,4,INTRODUCTION cyfra ,1
29013,5,cyfra punkt cyfra  	Purpose and aim of report cyfra ,2
29013,6,cyfra punkt cyfra  	Locatioan of the Police Creek GEOTEM survey cyfra ,2
29013,7,cyfra punkt cyfra  	Survey's coordinate system cyfra ,2
29013,8,cyfra punkt cyfra  	Tenement status and details cyfra ,2
29013,9,cyfra punkt cyfra  	Local geology cyfra ,2
29013,10,cyfra punkt cyfra  	Target rationale and concept cyfra ,2
29013,11,cyfra punkt cyfra  	Previous work done cyfra ,2
29013,12,cyfra punkt  	1997 POLICE CREEK GEOTEM SURVEY cyfra ,1
29013,13,cyfra punkt cyfra  	GEOTEM survey area cyfra ,2
29013,14,cyfra punkt cyfra  	Technical survey parameters cyfra ,2
29013,15,cyfra punkt cyfra punkt cyfra  GEOTEM character over survey area cyfra ,2
29013,16,cyfra punkt cyfra punkt cyfra  GEOTEM anomalies cyfra ,2
29013,17,cyfra punkt  	FOLLOW UP OF GEOTEM ANOMALIES cyfra ,1
29013,18,cyfra punkt  	CONCLUSIONS AND RECOMMENDATIONS cyfra ,1
29013,19,cyfra punkt  	REFERENCES cyfra ,1
29349,0,"EPMs 8913, 10435 Sandy Creek JV 	November 1997",0
29349,1,TABLE OF CONTENTS,0
29349,2,Page,0
29349,3,cyfra punkt  	INTRODUCTION cyfra ,1
29349,4,cyfra punkt  	TENEMENTS cyfra ,1
29349,5,cyfra punkt  	GEOLOGY cyfra ,1
29349,6,cyfra punkt  	WORK COMPLETED cyfra ,1
29349,7,cyfra punkt cyfra  	Kuridala Combined GEOTEM and Aeromagnetic Survey cyfra ,2
29349,8,cyfra punkt cyfra  	Jolimont Gravity Survey cyfra ,2
29349,9,cyfra punkt cyfra  	Bustard Flat Moving Loop SIROTEM cyfra ,2
29349,10,cyfra punkt cyfra  	Bustard Flat Drilling: ANP453 cyfra ,2
29349,11,cyfra punkt cyfra  	CONCLUSIONS AND RECOMMENDATIONS cyfra ,2
29733,0,Lightning Creek/Buster Creek Joint Venture 	March 1997,0
29733,1,TABLE OF CONTENTS,0
29733,2,Page,0
29733,3,SUMMARY,1
29733,4,cyfra punkt  	INTRODUCTION cyfra ,1
29733,5,cyfra punkt  	TENEMENT DETAILS cyfra ,1
29733,6,cyfra punkt  	PREVIOUS WORK cyfra ,1
29733,7,cyfra punkt  	WORK COMPLETED FOR THE YEAR TO 15 TH cyfra ,1
29733,8,"DECEMBER, 1997",0
29733,9,cyfra punkt cyfra  	Cowie GEOTEM anomaly cyfra ,2
29733,10,cyfra punkt cyfra  	Moving Loop EM and Ground Magnetics cyfra ,2
29733,11,cyfra punkt cyfra  	Diamond drilling cyfra ,2
29733,12,cyfra punkt  	CONCLUSIONS AND RECOMMENDATIONS cyfra ,1
30281,0,CONTENTS,0
30281,1,ITEM 	PAGE,0
30281,2,SUMMARY cyfra ,1
30281,3,INTRODUCTION cyfra ,1
30281,4,Table 1: Borehole Data cyfra ,2
30281,5,GEOLOGY cyfra ,1
30281,6,DRILLING OPERATIONS 	2 3,1
30281,7,LITHOLOGICAL AND MUD GAS LOGGING cyfra ,1
30281,8,WIRELINE LOGGING cyfra ,1
30281,9,DRILL STEM TESTING cyfra ,1
30281,10,PLUG AND ABANDON PROGRAMME 	3 4,1
30281,11,ATTACHED FIGURES,0
30281,12,Figure 1 	Location and Geological Setting,0
30281,13,Figure 2 	Drilling Progress,0
30281,14,ENCLOSURES,0
30281,15,Cuttings Descriptions,0
30281,16,Formation Evaluation Log,0
30281,17,S7 313,0
30281,18,cyfra e 3023.\ 28.\,0
30392,0,Urandangi Project Annual Report 	September 1998,0
30392,1,TABLE OF CONTENTS,0
30392,2,Page,0
30392,3,SUMMARY,1
30392,4,cyfra punkt  	INTRODUCTION cyfra ,1
30392,5,-,0
30392,6,cyfra punkt  	TENURE cyfra ,1
30392,7,cyfra punkt  	RATIONALE FOR EXPLORATION cyfra ,1
30392,8,cyfra punkt  	PREVIOUS WORK BY BHP MINERALS cyfra ,1
30392,9,cyfra punkt  	WORK COMPLETED BY BHP MINERALS IN THE CURRENT,1
30392,10,TERM cyfra ,0
30392,11,cyfra punkt cyfra  	Site U 24 cyfra ,2
30392,12,cyfra punkt  	CONCLUSIONS cyfra ,1
30540,0,EPM 10628 	September 1998,0
30540,1,TABLE OF CONTENTS,0
30540,2,Page,0
30540,3,cyfra punkt  	INTRODUCTION cyfra ,1
30540,4,cyfra punkt  	TENEMENT DETAILS cyfra ,1
30540,5,cyfra punkt  	PREVIOUS EXPLORATION cyfra ,1
30540,6,cyfra punkt  	WORK COMPLETED cyfra ,1
30540,7,"cyfra punkt cyfra  	Ground PROTEM Survey, Line 2100N cyfra ",2
30540,8,cyfra punkt cyfra  	Drill Hole BD01 cyfra ,2
30540,9,"cyfra punkt cyfra  	Downhole PROTEM, Hole BD01 cyfra ",2
30540,10,cyfra punkt  	CONCLUSION cyfra ,1
30540,11,REFERENCES cyfra ,1
31069,0,TABLE OF CONTENTS,0
31069,1,Page,0
31069,2,SUMMARY,1
31069,3,cyfra punkt  INTRODUCTION cyfra ,1
31069,4,cyfra punkt  	TENEMENT DETAILS cyfra ,1
31069,5,cyfra punkt cyfra  Location and Access cyfra ,2
31069,6,cyfra punkt cyfra  Tenure cyfra ,2
31069,7,cyfra punkt  GEOLOGY cyfra ,1
31069,8,cyfra punkt  	WORK COMPLETED cyfra ,1
31069,9,cyfra punkt cyfra  	125 Hz GEOTEM Survey - Aberfoyle cyfra ,2
31069,10,cyfra punkt cyfra  	25 Hz GEOTEMDEEP Survey - BHP Minerals cyfra ,2
31069,11,cyfra punkt cyfra  Aeromagnetics cyfra ,2
31069,12,cyfra punkt  CONCLUSIONS cyfra ,1
31069,13,DEPARTMENT OF MINERALS AND ENERGY,0
31069,14,Exploration Reports Management System,0
31069,15,TRANSACTION No: 	5.8.4..,0
31069,16,REPORT NO,0
31069,18,PART 	I.. 	I..of,0
31356,0,CR 31356,0
31356,1,EPM 10732 - Partial Relinquishment Report 	October 1999,0
31356,2,TABLE OF CONTENTS,0
31356,3,SUMMARY 	Page,1
31356,4,cyfra punkt  	INTRODUCTION cyfra ,1
31356,5,cyfra punkt  	TENEMENT DETAILS cyfra ,1
31356,6,cyfra punkt  	GEOLOGY cyfra ,1
31356,7,cyfra punkt  	PREVIOUS WORK cyfra ,1
31356,8,cyfra punkt  	WORK COMPLETED cyfra ,1
31356,9,cyfra punkt cyfra  	25 Hz GEOTEM Survey cyfra ,2
31356,10,cyfra punkt  	CONCLUSIONS cyfra ,1
32676,0,CR 10157 EPM 7786 Longford 	March 2001,0
32676,1,TABLE OF CONTENTS,0
32676,2,Page,0
32676,3,SUMMARY,1
32676,4,cyfra punkt  	INTRODUCTION cyfra ,1
32676,5,cyfra punkt  	HISTORY AND TENEMENT DETAILS cyfra ,1
32676,6,cyfra punkt  	GEOLOGY cyfra ,1
32676,7,cyfra punkt  	WORK COMPLETED BY BHPM cyfra ,1
32676,8,cyfra punkt cyfra  	Summary of Work Completed cyfra ,2
32676,9,cyfra punkt cyfra  Aeromagnetic Surveys cyfra ,2
32676,10,cyfra punkt cyfra  Ground Magnetic Surveys cyfra ,2
32676,11,cyfra punkt cyfra  Ground EM Surveys cyfra ,2
32676,12,cyfra punkt cyfra  Gravity Surveys cyfra ,2
32676,13,cyfra punkt cyfra  	Stream BLEG and Soil and Rock Sampling Mayfields Area cyfra ,2
32676,14,cyfra punkt cyfra  Drilling cyfra ,2
32676,15,cyfra punkt cyfra  	Down Hole EM Surveys cyfra ,2
32676,16,cyfra punkt cyfra  Petrology cyfra ,2
32676,17,cyfra punkt  	CONCLUSIONS cyfra ,1
32676,18,REFERENCES cyfra ,1
33054,0,CR 10352 - EPM 11217 South Palmer River 	November 2001,0
33054,1,TABLE OF CONTENTS,0
33054,2,Page,0
33054,3,SUMMARY,1
33054,4,cyfra punkt  	INTRODUCTION cyfra ,1
33054,5,cyfra punkt  	TENEMENT DETAILS cyfra ,1
33054,6,cyfra punkt  	GEOLOGY AND EXPLORATION MODEL cyfra ,1
33054,7,cyfra punkt cyfra  Geology cyfra ,2
33054,8,cyfra punkt cyfra  	Exploration Model cyfra ,2
33054,9,cyfra punkt  	WORK COMPLETED cyfra ,1
33054,10,cyfra punkt cyfra  	Summary of Wrok Completed cyfra ,2
33054,11,cyfra punkt cyfra  	Stream Sediment Sampling cyfra ,2
33054,12,cyfra punkt cyfra  	Rock Chip Sampling cyfra ,2
33054,13,cyfra punkt cyfra  	Soil Sampling cyfra ,2
33054,14,cyfra punkt cyfra  	Work by Strike Mining cyfra ,2
33054,15,cyfra punkt  	CONCLUSIONS cyfra ,1
33355,0,CR cyfra ,0
33355,1,CONTENTS,0
33355,2,FIGURES,0
33355,3,cyfra punkt  	Borehole Location Map,0
33355,4,APPENDICES,0
33355,5,A. 	English Lithology Logs,0
33355,6,B. 	Graphical Logs,0
33355,7,C. 	Downhole Geophysical Logs,0
36198,0,TABLE OF CONTENTS,0
36198,1,Page,0
36198,2,cyfra punkt  	INTRODUCTION cyfra ,1
36198,3,cyfra punkt  	TENURE cyfra ,1
36198,4,cyfra punkt  	GEOLOGY cyfra ,1
36198,5,cyfra punkt  	PREVIOUS EXPLORATION WORK cyfra ,1
36198,6,cyfra punkt  	EXPLORATION WORK COMPLETED cyfra ,1
36198,7,cyfra punkt cyfra  	Introduction cyfra ,2
36198,8,cyfra punkt cyfra  	Drilling cyfra ,2
36198,9,cyfra punkt  	CONCLUSIONS cyfra ,1
36198,10,List of Figures,0
36198,11,Drawing No.,0
36198,12,Figure 1 	Location - Tenement Map 	A4-2324,0
36198,13,Figure 2 	Summary Map Showing all Work Completed 	A4-2561,0
36198,14,List of Tables,0
36198,15,Page,0
36198,16,Table 1 	Tenement Details cyfra ,0
36198,17,Table 2 	Major Stratigraphic Units - Wilgunya Area cyfra ,0
36198,18,Table 3 	Summary of Drilling Details cyfra ,0
36198,19,List of Appendices,0
36198,20,Appendix 1 	Drill Hole Logs and Data,0
37414,0,TABLE OF CONTENTS,0
37414,1,Page,0
37414,2,cyfra punkt  	INTRODUCTION cyfra ,1
37414,3,cyfra punkt  	TENURE cyfra ,1
37414,4,cyfra punkt  	GEOLOGY cyfra ,1
37414,5,cyfra punkt  	EXPLORATION MODELS cyfra ,1
37414,6,cyfra punkt  	EXPLORATION WORK COMPLETED BY BHPB cyfra ,1
37414,7,cyfra punkt cyfra  	Introduction cyfra ,2
37414,8,cyfra punkt cyfra  	FALCONTM Survey cyfra ,2
37414,9,cyfra punkt cyfra  	Data Interpretation cyfra ,2
37414,10,cyfra punkt  	CONCLUSIONS cyfra ,1
37414,11,cyfra punkt  	REFERENCES cyfra ,1
37414,12,List of Figures,0
37414,13,Drawing No.,0
37414,14,Figure 1 	Location - Tenement Map 	A4-2514,0
37414,15,Figure 2 	Regional Geology and Target Areas 	X,0
37414,16,List of Tables,0
37414,17,Page,0
37414,18,Table 1 	Tenement Details cyfra ,0
37414,19,List of Appendices,0
37414,20,Appendix 1 	Summary Information on Anomalies,0
37838,0,TABLE OF CONTENTS,0
37838,1,Page,0
37838,2,cyfra punkt  	INTRODUCTION cyfra ,1
37838,3,cyfra punkt  	TENURE cyfra ,1
37838,4,cyfra punkt  	GEOLOGY cyfra ,1
37838,5,cyfra punkt  	EXPLORATION WORK COMPLETED DURING THE PERIOD cyfra ,1
37838,6,cyfra punkt  	CONCLUSIONS cyfra ,1
37838,7,List of Figures,0
37838,8,Drawing No.,0
37838,9,Figure 1 	Location - Tenement Map 	A4-2417,0
37838,10,List of Tables,0
37838,11,Page,0
37838,12,Table 1 	Tenement Details cyfra ,0
38865,0,TABLE OF CONTENTS,0
38865,1,Page,0
38865,2,cyfra punkt  	INTRODUCTION cyfra ,1
38865,3,cyfra punkt  	TENURE cyfra ,1
38865,4,cyfra punkt  	GEOLOGY cyfra ,1
38865,5,cyfra punkt  	EXPLORATION WORK COMPLETED DURING THE PERIOD cyfra ,1
38865,6,List of Figures,0
38865,7,Drawing No.,0
38865,8,Figure 1 	Location Map 	A4-2417A,0
38865,9,List of Tables,0
38865,10,Page,0
38865,11,Table 1 	Tenement Details cyfra ,0
39782,0,TABLE OF CONTENTS,0
39782,1,Page,0
39782,2,cyfra punkt  	INTRODUCTION cyfra ,1
39782,3,cyfra punkt  	TENEMENT DETAILS cyfra ,1
39782,4,cyfra punkt  	GEOLOGY cyfra ,1
39782,5,cyfra punkt  	WORK COMPLETED cyfra ,1
39782,6,cyfra punkt cyfra  Ground Geophysics cyfra ,2
39782,7,cyfra punkt cyfra  Drilling cyfra ,2
39782,8,cyfra punkt  	CONCLUSIONS cyfra ,1
39782,9,List of Figures,0
39782,10,Drawing No.,0
39782,11,Figure 1 	Location Map 	A4-2630,0
39782,12,Figure 2 	Summary Map 	A3-1446,0
39782,13,Figure 3 	Strip Log (ESD04007),0
39782,14,Figure 4 	Strip Log (ESD04008),0
39782,15,List of Tables,0
39782,16,Page,0
39782,17,Table 1 	Tenement Details cyfra ,0
39782,18,Table 2 	Drilling Summary cyfra ,0
39782,19,List of Appendices,0
39782,20,Appendix 1 	Ground gravity and magnetic data,0
39782,21,"Appendix 2 	Drill Collar, downhole survey and downhole geology",0
39782,22,Appendix 3 	Downhole Geochemistry,0
39782,23,Appendix 4 	Downhole magnetic susceptibility readings,0
39782,24,Appendix 5 	Specific Gravity measurements (core),0
42781,0,TABLE OF CONTENTS,0
42781,1,Page,0
42781,2,cyfra punkt  	INTRODUCTION cyfra ,1
42781,3,cyfra punkt  	TENURE cyfra ,1
42781,4,cyfra punkt  	GEOLOGY cyfra ,1
42781,5,cyfra punkt  	EXPLORATION WORK COMPLETED DURING THE PERIOD cyfra ,1
42781,6,cyfra punkt cyfra  	Introduction cyfra ,2
42781,7,cyfra punkt cyfra  	Target Selection cyfra ,2
42781,8,cyfra punkt cyfra  	Geophysics cyfra ,2
42781,9,cyfra punkt  	CONCLUSIONS cyfra ,1
42781,10,cyfra punkt  	REFERENCES cyfra ,1
42781,11,List of Figures,0
42781,12,Drawing No.,0
42781,13,Figure 1 	Location Map 	A4-2649,0
42781,14,Figure 2 	Summary Map 	A4-2650,0
42781,15,List of Tables,0
42781,16,Page,0
42781,17,Table 1 	Tenement Details cyfra ,0
42781,18,Table 2 	Lithostratigraphic and geophysical comparison between the,0
42781,19,Soldiers Cap Group and Fullarton River Group cyfra ,0
42781,20,Table 3 	Description of Target Areas cyfra ,0
42781,21,List of Appendices,0
42781,22,Appendix 1 	Ground Gravity Data,0
43505,0,TABLE OF CONTENTS,0
43505,1,Page,0
43505,2,cyfra  	Introduction cyfra ,1
43505,3,cyfra punkt cyfra  Tenure cyfra ,2
43505,4,cyfra punkt cyfra  Geology cyfra ,2
43505,5,cyfra  	Exploration Completed cyfra ,1
43505,6,cyfra punkt cyfra  Airborne Electromagnetics (AEM) cyfra ,2
43505,7,cyfra punkt cyfra punkt cyfra  Results cyfra ,2
43505,8,cyfra punkt cyfra punkt cyfra  Conclusions cyfra ,2
43505,9,cyfra  	References cyfra ,1
43505,10,List of Figures,0
43505,11,Page,0
43505,12,Figure 1: Tenement Location Map cyfra ,0
43505,13,Figure 2: Airborne EM Lines over Aeromagnetics cyfra ,0
43505,14,Figure 3: Conductivity depth images for EPM14724 cyfra ,0
43505,15,Figure 4: Conductivity depth images for EPM14722 cyfra ,0
43505,16,List of Tables,0
43505,17,Page,0
43505,18,Table 1: Tenement Listing cyfra ,0
43505,19,Table 2: Tenement Details cyfra ,0
43505,20,Table 3 	Georgetown Province Litho-Stratigraphy cyfra ,0
43505,21,Table 4 	Airborne Equipment Specifications cyfra ,0
44387,0,TABLE OF CONTENTS,0
44387,1,Page,0
44387,2,cyfra punkt  	INTRODUCTION cyfra ,1
44387,3,cyfra punkt  	TENURE cyfra ,1
44387,4,cyfra punkt  	GEOLOGY cyfra ,1
44387,5,cyfra punkt  	EXPLORATION WORK COMPLETED cyfra ,1
44387,6,cyfra punkt  	CONCLUSION cyfra ,1
44387,7,List of Figures,0
44387,8,Figure 1 	Tenement Map,0
44387,9,List of Tables,0
44387,10,Page,0
44387,11,Table 1 	Tenement Details cyfra ,0
44387,12,Table 2 	Sub-block Details cyfra ,0
45470,0,TABLE OF CONTENTS,0
45470,1,Page,0
45470,2,cyfra punkt  Introduction cyfra ,1
45470,3,cyfra punkt  Tenure cyfra ,1
45470,4,cyfra punkt  Geology cyfra ,1
45470,5,cyfra punkt  Exploration work completed during the period cyfra ,1
45470,6,List of Figures,0
45470,7,Drawing No.,0
45470,8,Figure 1. Location Tenement Map cyfra ,0
45470,9,List of Tables,0
45470,10,Table 1. 	Tenement Details cyfra ,0
45470,11,"Table 2. EPM 14456 & 11591 Waterhole, Sub-Block Details cyfra ",0
47884,0,TABLE OF CONTENTS,0
47884,1,Page,0
47884,2,cyfra punkt  Introduction cyfra ,1
47884,3,cyfra punkt  Tenure cyfra ,1
47884,4,cyfra punkt  Geology cyfra ,1
47884,5,cyfra punkt  Exploration work completed during the period cyfra ,1
47884,6,cyfra punkt  Summary cyfra ,1
47884,7,List of Figures,0
47884,8,Drawing No.,0
47884,9,Figure 1. Location Tenement Map cyfra ,0
47884,10,List of Tables,0
47884,11,Table 1. 	Tenement Details cyfra ,0
52673,0,TABLE OF CONTENTS,0
52673,1,Page,0
52673,2,cyfra punkt  	INTRODUCTION cyfra ,1
52673,3,cyfra punkt  	TENURE cyfra ,1
52673,4,cyfra punkt  	GEOLOGY cyfra ,1
52673,5,cyfra punkt  	EXPLORATION WORK COMPLETED and CONCLUSION cyfra ,1
52673,6,List of Figures,0
52673,7,Drawing No.,0
52673,8,Figure 1 	Location Map,0
52673,9,List of Tables,0
52673,10,Page,0
52673,11,Table 1 	Tenement Details cyfra ,0
53638,0,IABLE OF CONTENTS,0
53638,1,Page,0
53638,2,cyfra punkt  Introduction cyfra ,1
53638,3,cyfra punkt  Tenure cyfra ,1
53638,4,cyfra punkt  Geology cyfra ,1
53638,5,cyfra punkt  Exploration work completed during the period cyfra ,1
53638,6,Introduction cyfra ,2
53638,7,Cultura Heritage Clearance cyfra ,2
53638,8,Drilling cyfra ,2
53638,9,Geochemistry cyfra ,2
53638,10,Geophysics cyfra ,2
53638,11,cyfra punkt  Conclusions cyfra ,1
53638,12,List of Figures,0
53638,13,Drawing No.,0
53638,14,Figure 1. Location Tenement Map cyfra ,0
53638,15,Figure 2. 	Summary Map cyfra ,0
53638,16,List of Tables,0
53638,17,Table 1. 	Tenement Details cyfra ,0
53638,18,Table 2. 	EPM 13768 Teck Cominco / BHPB Sub-Block Details cyfra ,0
53638,19,Table 3. 	Target Details cyfra ,0
53638,20,List of Appendices,0
53638,21,Appendix 1 	Analytical Results cyfra ,0
56500,0,TIABLE OF CONTENTS,0
56500,1,Page,0
56500,2,cyfra punkt  Introduction cyfra ,1
56500,3,cyfra punkt  Tenure cyfra ,1
56500,4,cyfra punkt  Geology cyfra ,1
56500,5,cyfra punkt  Exploration Work Completed cyfra ,1
56500,6,cyfra punkt cyfra  	Cultural Heritage Clearance cyfra ,2
56500,7,cyfra punkt cyfra punkt  	Drilling cyfra ,2
56500,8,cyfra punkt cyfra  	Geochemical Sampling cyfra ,2
56500,9,cyfra punkt  Conclusions cyfra ,1
56500,10,List of Figures,0
56500,11,Figure 1. Tenement Location Map cyfra ,0
56500,12,Figure 2. 	Drill Collar Locations cyfra ,0
56500,13,List of Tables,0
56500,14,Table 1. 	Tenement Details cyfra ,0
56500,15,Table 2. 	Drill Hole Details cyfra ,0
56500,16,List of Appendices,0
56500,17,Appendix 1 Dril Hole Details and Geological Logs,0
56500,18,Appendix 2 Drilling Geochemical Results,0
56628,0,TABLE OF CONTENTS,0
56628,1,Page,0
56628,2,cyfra punkt  Introduction cyfra ,1
56628,3,cyfra punkt  Tenure cyfra ,1
56628,4,cyfra punkt  Geology cyfra ,1
56628,5,cyfra punkt  Exploration work completed during the period cyfra ,1
56628,6,cyfra punkt  Conclusions cyfra ,1
56628,7,List of Figures,0
56628,8,Figure 1. Tenement Location Map cyfra ,0
56628,9,List of Tables,0
56628,10,Table 1. 	Tenement Details cyfra ,0
56628,11,Table 2. 	Lithostratigraphic and geophysical comparison between the Soldiers,0
56628,12,Cap Group and Fullarton River Group cyfra ,0
57048,0,TABLE OF CONTENTS,0
57048,1,Page No.,0
57048,2,cyfra punkt  Introduction cyfra ,1
57048,3,cyfra punkt  Tenure cyfra ,1
57048,4,cyfra punkt  Geology cyfra ,1
57048,5,cyfra punkt  Exploration work completed during the period cyfra ,1
57048,6,cyfra punkt  Conclusion cyfra ,1
57048,7,List of Tables,0
57048,8,Table 1. 	Tenement Details cyfra ,0
57048,9,Table 2. 	EPM 14469 'Strathfield 9' Sub-Block Details cyfra ,0
57048,10,Table 3. EPM 14469 'Strathfield 9' Sub-Block Reduction Details cyfra ,0
57048,11,List of Figures,0
57048,12,Figure 1. Tenement Location Map cyfra ,0
57048,13,Figure 2. 	Tenement Relinquishment Map cyfra ,0
57418,0,BMA,0
57418,1,BHP Billiton Mitsubishi Alliance,0
57418,2,TABLE OF CONTENTS,0
57418,3,cyfra  Introduction cyfra ,1
57418,4,cyfra  	Previous Exploration cyfra ,1
57418,5,cyfra punkt cyfra  	Historical Exploration cyfra ,2
57418,6,cyfra  	Work Programme Year 1 cyfra ,1
57418,7,cyfra  Geology cyfra ,1
57418,8,cyfra punkt cyfra  Stratigraphy cyfra ,2
57418,9,cyfra punkt cyfra  Structure cyfra ,2
57418,10,cyfra  	Future Exploration Plans cyfra ,1
57418,11,cyfra  References cyfra ,1
57418,12,List of Tables,0
57418,13,Table 1 - Field Acquisition cyfra ,0
57418,14,List of Figures,0
57418,15,Figure 1 - Location Map cyfra ,0
57418,16,Figure 2 - Map showing seismic lines cyfra ,0
57418,17,Appendices,0
57418,18,Appendix 1 - Tartarus Sub-block,0
57418,19,Appendix 2 - Tartarus Geology Summary Map,0
57418,20,"Appendix 3 - South Cockenzie EPC1161 Lotus Park, EPC1160 Falcon Downs and",0
57418,21,EPC 1163 Tartarus Photo-geological Interpretation for BHP Billiton,0
57418,22,"Mitsubishi Alliance, Final Report September 2008.",0
57418,23,Appendix 4 - Regional Aero-Geophysical Interpretation of Cockenzie & Cockenzie,0
57418,24,"South Projects (EPCs 971, 1160 1161 & 1163), Queensland,",0
57418,25,Final Report September 2008,0
57418,26,Appendix 5 - Petrographic report of outcrop samples,0
63707,0,TABLE OF CONTENTS,0
63707,1,Page,0
63707,2,cyfra punkt  	INTRODUCTION cyfra ,1
63707,3,cyfra punkt  	TENURE cyfra ,1
63707,4,cyfra punkt  	GEOLOGY cyfra ,1
63707,5,cyfra punkt  	EXPLORATION WORK COMPLETED cyfra ,1
63707,6,cyfra punkt  	CONCLUSION cyfra ,1
63707,7,List of Figures,0
63707,8,Figure 1 	Location Map cyfra ,0
63707,9,List of Tables,0
63707,10,Page,0
63707,11,Table 1 	Tenement Details cyfra ,0
63707,12,Table 2 	Comparison of Soldiers Cap & Fullarton River Groups cyfra ,0
67792,0,TABLE OF CONTENTS,0
67792,1,Page,0
67792,2,cyfra punkt  	INTRODUCTION cyfra ,1
67792,3,cyfra punkt  	TENURE cyfra ,1
67792,4,cyfra punkt  	GEOLOGY cyfra ,1
67792,5,cyfra punkt  	EXPLORATION WORK COMPLETED cyfra ,1
67792,6,cyfra punkt cyfra  	Cultural Heritage Clearance cyfra ,2
67792,7,cyfra punkt cyfra punkt  	Drilling cyfra ,2
67792,8,cyfra punkt cyfra punkt  	Geochemical Sampling cyfra ,2
67792,9,cyfra punkt  	CONCLUSIONS cyfra ,1
67792,10,List of Figures,0
67792,11,Page,0
67792,12,Figure 1 	Tenement Location Map cyfra ,0
67792,13,Figure 2 	Drill Hole Location Map cyfra ,0
67792,14,Figure 3 	Geophysical Modelling of Beenfield Target cyfra ,0
67792,15,List of Tables,0
67792,16,Page,0
67792,17,Table 1 	Tenement Details cyfra ,0
67792,18,Table 2 	Drill Hole Details cyfra ,0
67792,19,List of Appendices,0
67792,20,Appendix 1 	Drill Hole Details and Geology Logs,0
67792,21,Appendix 2 	Drill Hole Geochemical Assay Data,0
68861,0,TABLE OF CONTENTS,0
68861,1,Page,0
68861,2,cyfra punkt  	INTRODUCTION cyfra ,1
68861,3,cyfra punkt  	TENURE cyfra ,1
68861,4,cyfra punkt  	GEOLOGY cyfra ,1
68861,5,cyfra punkt  	EXPLORATION WORK COMPLETED cyfra ,1
68861,6,cyfra punkt  	CONCLUSIONS cyfra ,1
68861,7,List of Figures,0
68861,8,Figure 1 	Location Map cyfra ,0
68861,9,List of Tables,0
68861,10,Page,0
68861,11,Table 1 	Tenement Details cyfra ,0
74718,0,TABLE OF CONTENTS,0
74718,1,cyfra punkt  INTRODUCTION cyfra ,1
74718,2,cyfra punkt  TENURE cyfra ,1
74718,3,cyfra punkt  GEOLOGY cyfra ,1
74718,4,cyfra punkt  EXPLORATION WORK COMPLETED cyfra ,1
74718,5,Summary of Work Completed cyfra ,2
74718,6,cyfra punkt cyfra  GEOPHYSICS cyfra ,2
74718,7,cyfra punkt cyfra punkt cyfra  Airborne Magnetic/Radiometric Surveys cyfra ,2
74718,8,cyfra punkt cyfra punkt cyfra  25 Hz GEOTEM Survey cyfra ,2
74718,9,cyfra punkt cyfra punkt cyfra  Ground Magnetic Surveys cyfra ,2
74718,10,cyfra punkt cyfra punkt cyfra  Gravity Surveys cyfra ,2
74718,11,cyfra punkt cyfra  Drilling cyfra ,2
74718,12,cyfra punkt  CONCLUSIONS cyfra ,1
74718,13,List of Figures,0
74718,14,Figure 1: Sub-blocks relinquished for EPM 6788 cyfra ,0
74718,15,Figure 2 Geophyiscal surveys for relinquished sub-blocks cyfra ,0
74718,16,List of Tables,0
74718,17,Table 1 Tenement Details cyfra ,0
74718,18,Table 2 Sub blocks to be relinquished 18 in total cyfra ,0
74718,19,Table 3 Lithostratigraphic and geophysical comparison between the Soldiers Cap group and,0
74718,20,Fullarton River Group cyfra ,0
74718,21,Table 4 Summary of Gravity Surveys cyfra ,0
74718,22,Table 5 Drill hole details for all drilling conducted on the relinquished sub-blocks EPM6788 11,0
74718,23,List of Appendices,0
74718,24,Appendix A: Geochemical Results,0
74718,25,Appendix B: Geological Logs,0
